id,name,status,updated_date,species,frames_with_fish,number_of_tracks,time_of_day,train_set
541384,3_2015-04-21_17-13-33.mp4,completed,2024-11-06T15:17:50.240866Z,River Herring,15,1,day,train
541385,3_2015-04-21_17-22-29.mp4,completed,2024-11-06T15:17:50.240866Z,River Herring,16,1,day,train
541386,3_2015-04-21_18-51-01.mp4,completed,2024-11-06T15:17:50.240866Z,River Herring,22,1,day,train
541388,3_2015-04-22_22-41-53.mp4,completed,2024-11-19T04:24:29.969167Z,Unknown Fish,11,1,night,train
541389,3_2015-04-23_01-34-23.mp4,completed,2024-11-06T15:17:50.240866Z,River Herring,11,2,night,train
541391,3_2015-04-23_10-47-44.mp4,completed,2024-11-06T15:17:50.240866Z,River Herring,9,1,day,train
541392,3_2015-04-23_12-04-07.mp4,completed,2024-11-06T15:17:50.240866Z,River Herring,15,1,day,test
541393,3_2015-04-23_14-35-24.mp4,completed,2024-11-06T15:17:50.240866Z,River Herring,12,1,day,train
541395,3_2015-04-23_15-02-11.mp4,completed,2024-11-06T15:17:50.240866Z,River Herring,16,1,day,train
541396,3_2015-04-23_17-26-30.mp4,completed,2024-11-06T15:17:50.240866Z,River Herring,8,1,day,train
541397,3_2015-04-24_15-29-29.mp4,completed,2024-11-06T15:17:50.240866Z,River Herring,10,1,day,train
541399,3_2015-04-25_11-29-06.mp4,completed,2024-11-06T15:17:50.240866Z,River Herring,8,1,day,train
541400,3_2015-04-25_13-50-12.mp4,completed,2024-11-06T15:17:50.240866Z,River Herring,17,1,day,train
541401,3_2015-04-25_15-40-17.mp4,completed,2024-11-06T15:17:50.240866Z,River Herring,14,1,day,train
541402,3_2015-04-25_16-17-37.mp4,completed,2024-11-13T18:39:51.934051Z,River Herring,14,2,day,test
541403,3_2015-04-28_18-28-05.mp4,completed,2024-11-13T18:47:18.621762Z,River Herring,24,2,day,train
541404,3_2015-04-28_19-15-09.mp4,completed,2024-11-06T15:17:50.240866Z,River Herring,18,2,night,train
541406,3_2015-04-29_07-44-18.mp4,completed,2024-11-13T18:43:18.406296Z,River Herring,9,1,day,test
541407,3_2015-04-29_13-30-50.mp4,completed,2024-11-06T15:17:50.240866Z,Bass,22,1,day,train
541408,3_2015-04-29_19-46-30.mp4,completed,2024-11-13T18:49:10.857625Z,River Herring,10,1,night,train
541409,3_2015-04-30_21-28-38.mp4,completed,2024-11-06T15:17:50.240866Z,River Herring,11,1,night,val
541410,3_2015-05-01_07-36-01.mp4,completed,2024-11-13T18:41:47.304513Z,River Herring,13,1,day,train
541411,3_2015-05-01_16-20-26.mp4,completed,2024-11-06T15:17:50.240866Z,Perch,33,1,day,train
541414,3_2015-05-01_17-31-01.mp4,completed,2024-11-06T15:17:50.240866Z,Perch,36,1,day,test
541416,3_2015-05-02_03-15-45.mp4,completed,2024-11-13T18:58:44.696861Z,Eel,13,1,night,train
541417,3_2015-05-02_11-32-29.mp4,completed,2024-11-06T15:17:50.240866Z,River Herring,33,1,day,train
541418,3_2015-05-03_01-36-00.mp4,completed,2024-11-13T19:03:48.905122Z,Unknown Fish,63,1,night,train
541419,3_2015-05-03_15-48-02.mp4,completed,2024-11-06T15:17:50.240866Z,River Herring,69,1,day,train
541420,3_2015-05-03_16-13-51.mp4,annotation,2024-11-15T20:48:45.422732Z,River Herring,98,0,day,val
541423,3_2015-05-03_16-25-09.mp4,completed,2024-11-13T18:56:55.961148Z,River Herring,50,2,day,train
541459,3_2015-05-03_16-26-57.mp4,completed,2024-11-06T15:17:50.240866Z,Perch,39,1,day,train
541460,3_2015-05-03_17-03-56.mp4,completed,2024-11-06T15:17:50.240866Z,River Herring,20,1,day,train
541461,3_2015-05-03_18-48-13.mp4,completed,2024-11-15T20:59:21.825428Z,River Herring,69,6,day,train
541462,3_2015-05-03_18-54-33.mp4,completed,2024-11-06T15:17:50.240866Z,River Herring,46,2,day,train
541463,3_2015-05-03_19-49-37.mp4,completed,2024-11-08T02:45:05.108234Z,Perch,56,1,night,train
541464,3_2015-05-04_00-09-30.mp4,completed,2024-11-19T04:22:39.159179Z,"Eel, Lamprey",63,2,night,train
541465,3_2015-05-04_04-11-42.mp4,completed,2024-11-19T04:22:02.703729Z,Lamprey,187,1,night,train
541467,3_2015-05-04_06-20-57.mp4,completed,2024-11-06T15:17:50.240866Z,Sunfish,101,1,day,train
541469,3_2015-05-04_09-57-35.mp4,completed,2024-11-08T02:40:00.605824Z,Perch,73,1,day,val
541470,3_2015-05-04_09-57-52.mp4,completed,2024-11-06T15:17:50.240866Z,River Herring,13,1,day,train
541490,3_2015-05-04_11-38-06.mp4,completed,2024-11-13T19:10:13.925165Z,River Herring,89,1,day,train
541491,3_2015-05-04_13-44-07.mp4,completed,2024-11-06T15:17:50.240866Z,River Herring,28,1,day,train
541492,3_2015-05-04_14-59-38.mp4,completed,2024-11-08T02:35:28.714981Z,Perch,39,2,day,train
541493,3_2015-05-04_16-52-37.mp4,completed,2024-11-06T15:17:50.240866Z,Perch,87,3,day,train
541494,3_2015-05-04_17-21-38.mp4,completed,2024-11-06T15:17:50.240866Z,River Herring,18,1,day,train
541495,3_2015-05-04_17-34-14.mp4,completed,2024-11-08T03:56:49.160962Z,Perch,54,3,day,test
541496,3_2015-05-04_18-35-15.mp4,completed,2024-11-08T03:14:50.988052Z,"Perch, Unknown Fish",248,3,day,train
541497,3_2015-05-04_19-29-40.mp4,completed,2024-11-08T02:50:53.149808Z,River Herring,56,3,night,test
541499,3_2015-05-04_20-06-21.mp4,completed,2024-11-06T15:17:50.240866Z,River Herring,24,1,night,test
541502,3_2015-05-04_21-30-38.mp4,completed,2024-11-06T15:17:50.240866Z,Eel,76,4,night,train
541504,3_2015-05-05_04-01-57.mp4,completed,2024-11-06T15:17:50.240866Z,River Herring,25,1,night,train
541505,3_2015-05-05_04-57-22.mp4,completed,2024-11-14T21:08:37.266943Z,Unknown Fish,41,3,night,train
541506,3_2015-05-05_08-53-12.mp4,completed,2024-11-13T19:28:55.686760Z,Perch,142,3,day,test
541507,3_2015-05-05_09-50-02.mp4,completed,2024-11-06T15:17:50.240866Z,River Herring,99,2,day,train
541508,3_2015-05-05_11-48-12.mp4,completed,2024-11-06T15:17:50.240866Z,River Herring,26,1,day,test
541510,3_2015-05-05_12-12-05.mp4,completed,2024-11-13T19:16:47.106576Z,River Herring,81,1,day,test
541511,3_2015-05-05_15-07-03.mp4,completed,2024-11-06T15:17:50.240866Z,River Herring,13,1,day,test
541512,3_2015-05-05_16-08-01.mp4,completed,2024-11-13T19:20:38.268344Z,Lamprey,52,1,day,train
541513,3_2015-05-05_16-08-34.mp4,completed,2024-11-06T15:17:50.240866Z,Eel,119,3,day,train
541514,3_2015-05-05_16-11-22.mp4,completed,2024-11-06T15:17:50.240866Z,Eel,88,2,day,train
541516,3_2015-05-05_16-59-19.mp4,completed,2024-11-13T19:50:24.116735Z,Perch,192,10,day,train
541517,3_2015-05-05_17-53-59.mp4,completed,2024-11-06T15:17:50.240866Z,River Herring,21,1,day,train
541521,3_2015-05-05_20-08-50.mp4,completed,2024-11-06T15:17:50.240866Z,River Herring,46,3,night,test
541523,3_2015-05-06_00-10-14.mp4,completed,2024-11-06T15:17:50.240866Z,Unknown Fish,52,1,night,val
541526,3_2015-05-06_08-16-28.mp4,completed,2024-11-13T19:36:45.991493Z,River Herring,53,3,day,train
541527,3_2015-05-06_09-43-52.mp4,completed,2024-11-14T03:24:51.922092Z,River Herring,18,1,day,test
541528,3_2015-05-06_09-55-45.mp4,completed,2024-11-06T15:17:50.240866Z,River Herring,217,2,day,train
541529,3_2015-05-06_16-31-36.mp4,completed,2024-11-06T15:17:50.240866Z,River Herring,22,1,day,val
541530,3_2015-05-06_16-42-00.mp4,completed,2024-11-14T02:54:05.400827Z,River Herring,31,1,day,val
541531,3_2015-05-06_16-51-59.mp4,completed,2024-11-06T15:17:50.240866Z,Perch,60,1,day,train
541532,3_2015-05-06_16-54-29.mp4,completed,2024-11-14T03:02:35.345543Z,River Herring,76,2,day,train
541533,3_2015-05-06_17-05-41.mp4,completed,2024-11-06T15:17:50.240866Z,Perch,21,1,day,train
541536,3_2015-05-06_17-52-41.mp4,completed,2024-11-14T03:15:45.785460Z,River Herring,50,4,day,train
541542,3_2015-05-06_21-08-40.mp4,completed,2024-11-14T03:28:08.612891Z,Lamprey,58,1,night,train
541549,3_2015-05-07_02-06-18.mp4,completed,2024-11-06T15:17:50.240866Z,Eel,57,1,night,train
541553,3_2015-05-07_04-16-03.mp4,completed,2024-11-06T15:17:50.240866Z,River Herring,47,1,night,train
541555,3_2015-05-07_05-52-13.mp4,completed,2024-11-14T03:41:44.707641Z,River Herring,54,5,dawn,train
541556,3_2015-05-07_06-06-44.mp4,completed,2024-11-06T15:17:50.240866Z,River Herring,37,2,day,train
541557,3_2015-05-07_06-44-52.mp4,completed,2024-11-15T02:45:27.136179Z,River Herring,68,1,day,train
541558,3_2015-05-07_10-29-24.mp4,completed,2024-11-06T15:17:50.240866Z,River Herring,30,1,day,val
541559,3_2015-05-07_16-23-47.mp4,completed,2024-11-15T02:26:36.417820Z,River Herring,92,5,day,val
541561,3_2015-05-07_16-25-48.mp4,completed,2024-11-14T21:07:31.580952Z,River Herring,47,2,day,train
541563,3_2015-05-07_16-26-09.mp4,completed,2024-11-14T03:33:11.253397Z,Lamprey,68,2,day,val
541564,3_2015-05-07_16-27-53.mp4,completed,2024-11-06T15:17:50.240866Z,River Herring,64,3,day,val
541565,3_2015-05-07_16-41-20.mp4,completed,2024-11-06T15:17:50.240866Z,"Eel, River Herring",102,2,day,train
541567,3_2015-05-07_16-42-08.mp4,completed,2024-11-06T15:17:50.240866Z,Eel,70,2,day,train
541568,3_2015-05-07_16-52-55.mp4,completed,2024-11-15T03:11:36.207868Z,Perch,127,3,day,train
541569,3_2015-05-07_16-54-20.mp4,completed,2024-11-15T03:18:45.894373Z,Eel,75,2,day,train
541661,3_2015-05-04_10-47-41.mp4,completed,2024-11-15T02:52:32.474658Z,River Herring,34,2,day,val
541662,3_2015-05-07_17-02-27.mp4,completed,2024-11-15T02:58:59.344458Z,River Herring,41,1,day,train
541665,3_2015-05-07_17-15-14.mp4,completed,2024-11-15T03:02:59.912730Z,River Herring,25,1,day,train
541666,3_2015-05-07_20-04-54.mp4,completed,2024-11-06T15:17:50.240866Z,River Herring,63,5,night,train
541670,3_2015-05-07_21-33-14.mp4,completed,2024-11-06T15:17:50.240866Z,Unknown Fish,49,1,night,train
541672,3_2015-05-08_05-53-28.mp4,completed,2024-11-06T15:17:50.240866Z,River Herring,51,3,dawn,train
541674,3_2015-05-08_10-04-00.mp4,completed,2024-11-14T03:52:14.921873Z,River Herring,54,3,day,val
541675,3_2015-05-08_13-04-11.mp4,completed,2024-11-15T02:00:18.283895Z,River Herring,47,2,day,train
541676,3_2015-05-08_13-31-05.mp4,completed,2024-11-06T15:17:50.240866Z,River Herring,34,1,day,train
541678,3_2015-05-08_13-41-59.mp4,completed,2024-11-15T03:22:13.942405Z,River Herring,35,1,day,train
541679,3_2015-05-08_15-22-40.mp4,completed,2024-11-06T15:17:50.240866Z,River Herring,42,2,day,val
541680,3_2015-05-08_17-16-12.mp4,completed,2024-11-15T03:28:10.880678Z,River Herring,67,2,day,train
541682,3_2015-05-08_17-48-47.mp4,completed,2024-11-06T15:17:50.240866Z,River Herring,82,2,day,train
541683,3_2015-05-08_17-51-39.mp4,completed,2024-11-18T14:42:33.952920Z,River Herring,51,3,day,train
541687,3_2015-05-09_23-24-03.mp4,completed,2024-11-18T14:34:42.747468Z,Unknown Fish,14,1,night,train
541694,3_2015-05-10_12-57-30.mp4,completed,2024-11-06T15:17:50.240866Z,River Herring,26,1,day,train
541695,3_2015-05-10_13-11-35.mp4,completed,2024-11-06T15:17:50.240866Z,River Herring,33,2,day,train
541696,3_2015-05-10_13-16-00.mp4,completed,2024-11-18T14:32:24.146449Z,River Herring,81,2,day,train
541697,3_2015-05-10_13-30-44.mp4,completed,2024-11-09T03:45:14.315675Z,River Herring,51,1,day,train
541698,3_2015-05-10_13-31-21.mp4,completed,2024-11-14T21:02:07.125614Z,River Herring,47,2,day,train
541699,3_2015-05-10_13-44-16.mp4,completed,2024-11-09T03:51:47.811200Z,River Herring,47,2,day,train
541701,3_2015-05-10_14-19-31.mp4,completed,2024-11-17T02:44:12.119153Z,River Herring,80,3,day,test
541703,3_2015-05-10_14-43-27.mp4,completed,2024-11-09T03:40:40.400937Z,River Herring,44,3,day,test
541705,3_2015-05-10_16-57-53.mp4,annotation,2024-11-09T03:32:01.706966Z,Lamprey,115,1,day,train
541708,3_2015-05-10_17-24-07.mp4,completed,2024-11-09T03:25:43.387833Z,Eel,19,1,day,train
541709,3_2015-05-10_17-24-25.mp4,completed,2024-11-06T15:17:50.240866Z,Eel,14,1,day,train
541712,3_2015-05-10_17-47-35.mp4,completed,2024-11-06T15:17:50.240866Z,Eel,33,1,day,val
541714,3_2015-05-10_17-48-41.mp4,completed,2024-11-06T15:17:50.240866Z,Eel,47,1,day,train
541715,3_2015-05-10_18-02-40.mp4,completed,2024-11-09T03:23:11.143609Z,Eel,16,1,day,train
541722,3_2015-05-10_22-22-35.mp4,completed,2024-11-06T15:17:50.240866Z,Lamprey,88,1,night,train
541730,3_2015-05-11_16-11-02.mp4,completed,2024-11-09T03:21:56.317249Z,River Herring,16,2,day,train
541731,3_2015-05-11_18-41-49.mp4,completed,2024-11-14T20:55:27.037063Z,River Herring,52,2,day,train
541734,3_2015-05-11_19-03-18.mp4,completed,2024-11-17T02:09:20.911985Z,River Herring,56,3,day,val
541737,3_2015-05-11_19-07-57.mp4,completed,2024-11-17T01:47:39.497864Z,River Herring,44,1,day,train
541741,3_2015-05-12_00-42-31.mp4,completed,2024-11-06T15:17:50.240866Z,River Herring,144,1,night,train
541745,3_2015-05-12_05-50-58.mp4,completed,2024-11-09T03:05:33.444460Z,River Herring,55,3,dawn,train
541747,3_2015-05-12_05-54-49.mp4,completed,2024-11-09T03:17:49.726560Z,River Herring,36,2,dawn,train
541748,3_2015-05-12_13-28-49.mp4,completed,2024-11-09T02:56:24.418313Z,River Herring,33,1,day,train
541749,3_2015-05-12_14-52-01.mp4,completed,2024-11-09T02:52:46.821737Z,River Herring,45,4,day,train
541758,3_2015-05-17_07-46-41.mp4,completed,2024-11-14T15:05:34.723515Z,River Herring,61,3,day,train
541943,3_2015-05-18_12-52-15.mp4,completed,2024-11-09T02:39:47.029821Z,Bass,136,1,day,train
541945,3_2015-05-18_17-21-04.mp4,completed,2024-11-09T02:43:26.516543Z,Perch,45,1,day,train
541947,3_2015-05-18_22-33-39.mp4,completed,2024-11-06T15:17:50.240866Z,Unknown Fish,20,1,night,train
541950,3_2015-05-19_06-58-59.mp4,completed,2024-11-06T15:17:50.240866Z,Unknown Fish,31,1,day,val
541951,3_2015-05-19_09-54-20.mp4,completed,2024-11-06T15:17:50.240866Z,River Herring,20,1,day,test
541971,3_2015-05-20_01-40-06.mp4,completed,2024-11-06T15:17:50.240866Z,Unknown Fish,19,1,night,train
541973,3_2015-05-20_01-57-25.mp4,completed,2024-11-06T15:17:50.240866Z,Unknown Fish,14,1,night,train
541976,3_2015-05-20_10-39-50.mp4,completed,2024-11-06T15:17:50.240866Z,River Herring,16,1,day,train
541977,3_2015-05-20_20-25-30.mp4,completed,2024-11-06T15:17:50.240866Z,River Herring,31,2,night,train
542008,3_2015-05-22_20-23-53.mp4,completed,2024-11-06T15:17:50.240866Z,Unknown Fish,33,2,night,val
542011,3_2015-05-22_21-13-40.mp4,completed,2024-11-06T15:17:50.240866Z,Unknown Fish,18,1,night,train
542015,3_2015-05-22_22-32-05.mp4,completed,2024-11-06T15:17:50.240866Z,Unknown Fish,19,1,night,train
542024,3_2015-05-23_03-54-20.mp4,completed,2024-11-06T15:17:50.240866Z,Unknown Fish,16,1,night,train
542025,3_2015-05-23_18-00-22.mp4,completed,2024-11-15T15:58:14.627169Z,Bass,28,1,day,train
542029,3_2015-05-23_20-37-40.mp4,completed,2024-11-06T15:17:50.240866Z,Unknown Fish,30,2,night,train
542031,3_2015-05-23_20-45-46.mp4,completed,2024-11-06T15:17:50.240866Z,Unknown Fish,16,1,night,train
542035,3_2015-05-23_22-23-47.mp4,completed,2024-11-06T15:17:50.240866Z,Unknown Fish,71,3,night,train
542036,3_2015-05-23_23-34-00.mp4,completed,2024-11-06T15:17:50.240866Z,Unknown Fish,25,1,night,train
542121,3_2015-05-26_00-39-42.mp4,completed,2024-11-08T02:23:04.730099Z,Unknown Fish,17,1,night,train
542128,3_2015-05-26_01-52-24.mp4,completed,2024-11-06T15:17:50.240866Z,Unknown Fish,7,1,night,train
542150,3_2015-05-31_18-45-47.mp4,completed,2024-11-08T02:20:41.635374Z,Bass,180,1,day,train
542210,3_2015-06-08_13-09-39.mp4,completed,2024-11-06T15:17:50.240866Z,Bass,93,1,day,train
542226,3_2015-06-10_17-30-35.mp4,completed,2024-11-06T15:17:50.240866Z,Trout,97,1,day,test
542229,3_2015-06-10_18-45-48.mp4,completed,2024-11-06T15:17:50.240866Z,Sunfish,194,1,day,train
542240,3_2015-06-10_21-01-57.mp4,completed,2024-11-06T15:17:50.240866Z,Unknown Fish,9,1,night,train
542244,3_2015-06-10_22-31-51.mp4,completed,2024-11-06T15:17:50.240866Z,Unknown Fish,47,1,night,test
542258,3_2015-06-11_02-43-29.mp4,completed,2024-11-06T15:17:50.240866Z,Unknown Fish,52,3,night,train
544438,3_2015-05-25_01-44-13.mp4,completed,2024-11-06T15:17:50.240866Z,Unknown Fish,37,2,night,train
544584,3_2015-05-07_17-01-35.mp4,completed,2024-11-06T15:17:50.240866Z,River Herring,16,1,day,train
544593,3_2015-05-25_21-44-32.mp4,completed,2024-11-06T15:17:50.240866Z,Unknown Fish,21,1,night,val
544597,3_2015-06-05_04-09-43.mp4,completed,2024-11-06T15:17:50.240866Z,Unknown Fish,21,1,night,test
544599,3_2015-06-07_21-03-31.mp4,completed,2024-11-06T15:17:50.240866Z,River Herring,32,1,night,train
544606,3_2015-06-11_04-10-43.mp4,completed,2024-11-06T15:17:50.240866Z,Unknown Fish,32,2,night,train
544986,1_2016-04-13_13-57-11.mp4,completed,2024-11-06T15:17:50.240866Z,River Herring,61,1,day,train
544987,1_2016-04-13_14-31-23.mp4,completed,2024-11-06T15:17:50.240866Z,River Herring,25,1,day,train
544988,1_2016-04-13_18-03-24.mp4,completed,2024-11-06T15:17:50.240866Z,River Herring,16,1,day,train
544991,1_2016-04-13_19-00-23.mp4,completed,2024-11-06T15:17:50.240866Z,River Herring,32,1,night,train
544992,1_2016-04-13_19-22-43.mp4,completed,2024-11-06T15:17:50.240866Z,River Herring,12,1,night,train
544993,1_2016-04-14_12-01-34.mp4,completed,2024-11-06T15:17:50.240866Z,"Unknown Fish, River Herring",160,5,day,train
544994,1_2016-04-14_18-41-56.mp4,completed,2024-11-06T15:17:50.240866Z,River Herring,20,1,day,train
544995,1_2016-04-14_19-12-50.mp4,completed,2024-11-06T15:17:50.240866Z,River Herring,25,1,night,train
544996,1_2016-04-14_19-23-05.mp4,completed,2024-11-06T15:17:50.240866Z,River Herring,24,1,night,train
544997,1_2016-04-15_13-45-56.mp4,completed,2024-11-06T15:17:50.240866Z,River Herring,29,1,day,train
544998,1_2016-04-15_14-36-04.mp4,completed,2024-11-14T15:09:55.096095Z,River Herring,17,1,day,train
544999,1_2016-04-22_06-32-33.mp4,completed,2024-11-06T15:17:50.240866Z,River Herring,64,2,day,train
545000,1_2016-04-22_06-44-46.mp4,completed,2024-11-06T15:17:50.240866Z,River Herring,67,5,day,train
545004,1_2016-04-22_10-49-39.mp4,completed,2024-11-06T15:17:50.240866Z,"Bass, River Herring",26,2,day,train
545007,1_2016-04-22_12-33-05.mp4,completed,2024-11-06T15:17:50.240866Z,River Herring,12,1,day,train
545009,1_2016-04-22_12-36-58.mp4,completed,2024-11-06T15:17:50.240866Z,River Herring,34,2,day,train
545012,1_2016-04-22_17-03-15.mp4,completed,2024-11-06T15:17:50.240866Z,River Herring,26,4,day,train
545016,1_2016-04-23_16-06-05.mp4,completed,2024-11-06T15:17:50.240866Z,River Herring,194,5,day,train
545018,1_2016-04-23_16-35-10.mp4,completed,2024-11-06T15:17:50.240866Z,River Herring,79,5,day,train
545019,1_2016-04-23_17-26-14.mp4,completed,2024-11-06T15:17:50.240866Z,River Herring,61,2,day,val
545021,1_2016-04-24_16-06-53.mp4,completed,2024-11-15T16:37:03.787737Z,River Herring,29,1,day,train
545022,1_2016-04-24_16-20-06.mp4,completed,2024-11-06T15:17:50.240866Z,River Herring,60,2,day,train
545024,1_2016-04-24_18-29-56.mp4,completed,2024-11-06T15:17:50.240866Z,River Herring,21,1,day,train
545025,1_2016-04-30_11-50-35.mp4,completed,2024-11-06T15:17:50.240866Z,River Herring,20,1,day,train
545027,1_2016-05-07_06-36-18.mp4,completed,2024-11-06T15:17:50.240866Z,River Herring,28,1,day,train
545030,1_2016-05-07_08-58-47.mp4,completed,2024-11-06T15:17:50.240866Z,River Herring,47,4,day,train
545037,1_2016-05-07_15-36-37.mp4,completed,2024-11-06T15:17:50.240866Z,River Herring,43,4,day,train
545040,1_2016-05-07_18-17-55.mp4,completed,2024-11-06T15:17:50.240866Z,River Herring,36,3,day,train
545041,1_2016-05-07_18-36-13.mp4,completed,2024-11-15T16:56:19.002996Z,River Herring,60,5,day,train
545042,1_2016-05-07_18-37-39.mp4,completed,2024-11-06T15:17:50.240866Z,River Herring,29,2,day,test
545044,1_2016-05-07_19-26-43.mp4,completed,2024-11-06T15:17:50.240866Z,River Herring,23,1,night,train
545047,1_2016-05-08_18-12-03.mp4,completed,2024-11-06T15:17:50.240866Z,River Herring,53,3,day,test
545050,1_2016-05-09_12-31-06.mp4,completed,2024-11-06T15:17:50.240866Z,River Herring,23,1,day,test
545053,1_2016-05-09_18-59-02.mp4,completed,2024-11-06T15:17:50.240866Z,River Herring,19,1,day,train
545056,1_2016-05-10_19-52-30.mp4,completed,2024-11-06T15:17:50.240866Z,River Herring,40,4,night,train
545057,1_2016-05-10_19-53-35.mp4,completed,2024-11-06T15:17:50.240866Z,River Herring,106,13,night,train
545058,1_2016-05-10_19-54-35.mp4,completed,2024-11-06T15:17:50.240866Z,River Herring,64,10,night,train
545062,1_2016-05-10_20-09-24.mp4,completed,2024-11-06T15:17:50.240866Z,River Herring,29,1,night,train
545064,1_2016-05-11_19-08-22.mp4,completed,2024-11-06T15:17:50.240866Z,River Herring,12,1,day,train
545069,1_2016-05-11_19-49-58.mp4,completed,2024-11-08T20:40:27.011312Z,River Herring,27,3,night,train
545070,1_2016-05-11_19-56-15.mp4,completed,2024-11-06T15:17:50.240866Z,River Herring,22,1,night,train
545080,1_2016-05-13_12-34-57.mp4,completed,2024-11-08T20:36:56.503198Z,River Herring,21,1,day,train
545081,1_2016-05-13_15-34-47.mp4,completed,2024-11-08T20:34:57.832779Z,River Herring,69,8,day,train
545084,1_2016-05-14_06-44-01.mp4,completed,2024-11-06T15:17:50.240866Z,River Herring,49,2,day,train
545087,1_2016-05-14_12-54-01.mp4,completed,2024-11-06T15:17:50.240866Z,River Herring,49,2,day,train
545090,1_2016-05-15_12-21-38.mp4,completed,2024-11-06T15:17:50.240866Z,River Herring,19,1,day,val
545091,1_2016-05-15_13-36-10.mp4,completed,2024-11-15T16:33:34.208193Z,"Eel, River Herring",146,3,day,train
545092,1_2016-05-16_00-01-01.mp4,completed,2024-11-06T17:41:39.052522Z,River Herring,48,1,night,train
545094,1_2016-05-16_17-23-09.mp4,completed,2024-11-08T20:20:41.625692Z,River Herring,37,1,day,train
545002,1_2016-04-22_06-49-46.mp4,completed,2024-12-03T20:12:42.863705Z,River Herring,63,5,day,train
545010,1_2016-04-22_16-50-00.mp4,completed,2024-11-21T19:27:35.396779Z,River Herring,57,3,day,train
545011,1_2016-04-22_16-51-12.mp4,completed,2024-11-21T19:18:20.127683Z,River Herring,58,4,day,val
545015,1_2016-04-23_11-10-34.mp4,completed,2024-12-04T19:43:22.315560Z,River Herring,55,3,day,train
545020,1_2016-04-24_15-38-03.mp4,completed,2024-12-15T05:01:28.853591Z,River Herring,54,3,day,train
545026,1_2016-05-07_05-38-22.mp4,completed,2024-12-05T01:55:01.535277Z,River Herring,29,1,dawn,train
545028,1_2016-05-07_07-40-05.mp4,completed,2024-12-04T19:53:02.632330Z,"Trout, River Herring",158,3,day,train
545031,1_2016-05-07_11-21-59.mp4,completed,2024-11-21T19:41:33.577120Z,River Herring,39,0,day,train
545032,1_2016-05-07_11-40-54.mp4,completed,2024-11-21T19:36:02.055864Z,River Herring,44,0,day,test
545033,1_2016-05-07_12-50-32.mp4,completed,2024-11-21T19:45:40.625654Z,River Herring,45,0,day,train
545045,1_2016-05-08_17-33-51.mp4,completed,2024-12-04T19:34:43.693357Z,River Herring,30,1,day,val
545048,1_2016-05-09_11-55-41.mp4,completed,2024-12-06T14:48:08.217123Z,River Herring,44,4,day,train
545071,1_2016-05-12_05-52-59.mp4,completed,2024-12-03T19:55:20.191264Z,River Herring,35,3,dawn,train
545072,1_2016-05-12_11-42-53.mp4,completed,2024-12-15T05:37:38.025722Z,River Herring,55,1,day,test
545073,1_2016-05-12_18-09-43.mp4,completed,2024-12-14T06:36:28.018748Z,River Herring,36,1,day,train
545074,1_2016-05-12_18-22-22.mp4,completed,2024-12-06T14:39:12.002800Z,River Herring,94,6,day,train
545075,1_2016-05-12_18-26-11.mp4,completed,2024-12-03T16:21:19.423826Z,River Herring,40,5,day,test
545083,1_2016-05-13_19-37-07.mp4,completed,2024-12-04T18:17:58.497905Z,River Herring,64,4,night,train
545140,2_2017-04-11_12-02-21.mp4,completed,2024-11-08T20:14:44.599625Z,River Herring,59,2,day,train
545141,2_2017-04-11_12-25-28.mp4,completed,2024-11-08T20:12:16.230608Z,River Herring,39,1,day,train
545143,2_2017-04-13_11-30-21.mp4,completed,2024-11-06T15:17:50.240866Z,River Herring,46,1,day,train
545146,2_2017-04-13_11-48-40.mp4,completed,2024-11-06T19:27:20.468058Z,River Herring,54,1,day,train
545147,2_2017-04-13_12-26-28.mp4,completed,2024-11-06T17:40:37.959530Z,River Herring,96,2,day,val
545149,2_2017-04-13_13-10-00.mp4,completed,2024-11-06T17:37:32.747534Z,River Herring,27,1,day,train
545150,2_2017-04-13_13-23-24.mp4,completed,2024-11-06T15:17:50.240866Z,River Herring,18,1,day,val
545152,2_2017-04-13_13-39-06.mp4,completed,2024-11-06T15:17:50.240866Z,River Herring,14,1,day,train
545155,2_2017-04-13_14-58-23.mp4,completed,2024-11-06T15:17:50.240866Z,River Herring,41,1,day,train
545157,2_2017-04-13_18-41-12.mp4,completed,2024-11-06T15:17:50.240866Z,River Herring,55,2,day,train
545158,2_2017-04-13_18-45-59.mp4,completed,2024-11-06T15:17:50.240866Z,River Herring,31,1,day,train
545160,2_2017-04-14_18-48-50.mp4,completed,2024-11-06T15:17:50.240866Z,Perch,52,1,day,train
545161,2_2017-04-15_11-00-06.mp4,completed,2024-11-06T15:17:50.240866Z,River Herring,45,1,day,train
545162,2_2017-04-15_11-23-36.mp4,completed,2024-11-06T15:17:50.240866Z,River Herring,9,1,day,train
545163,2_2017-04-15_12-04-31.mp4,completed,2024-11-06T15:17:50.240866Z,River Herring,55,2,day,train
545165,2_2017-04-16_15-18-09.mp4,completed,2024-11-06T15:17:50.240866Z,River Herring,30,1,day,train
545166,2_2017-04-16_15-30-08.mp4,completed,2024-11-06T15:17:50.240866Z,River Herring,20,1,day,train
545167,2_2017-04-16_22-29-27.mp4,completed,2024-11-06T15:17:50.240866Z,Lamprey,85,1,night,train
545170,2_2017-04-17_09-57-34.mp4,completed,2024-11-06T15:17:50.240866Z,Perch,78,2,day,train
545171,2_2017-04-17_10-12-53.mp4,completed,2024-11-06T15:17:50.240866Z,River Herring,26,1,day,train
545173,2_2017-04-17_17-27-26.mp4,completed,2024-11-06T15:17:50.240866Z,River Herring,86,3,day,train
545175,2_2017-04-17_17-55-06.mp4,completed,2024-11-06T15:17:50.240866Z,River Herring,24,1,day,train
545176,2_2017-04-17_18-00-20.mp4,completed,2024-11-14T15:14:09.848966Z,Perch,56,1,day,train
545177,2_2017-04-17_18-00-55.mp4,completed,2024-11-06T15:17:50.240866Z,River Herring,47,2,day,train
545180,2_2017-04-17_18-48-07.mp4,completed,2024-11-06T15:17:50.240866Z,Perch,53,1,day,train
545182,2_2017-04-18_08-11-43.mp4,completed,2024-11-06T15:17:50.240866Z,Perch,74,1,day,train
545183,2_2017-04-18_09-47-25.mp4,completed,2024-11-06T15:17:50.240866Z,River Herring,58,2,day,test
545185,2_2017-04-18_09-59-50.mp4,completed,2024-11-06T15:17:50.240866Z,River Herring,29,1,day,train
545186,2_2017-04-18_10-58-13.mp4,completed,2024-11-06T15:17:50.240866Z,River Herring,36,1,day,train
545188,2_2017-04-18_12-43-29.mp4,completed,2024-11-06T15:17:50.240866Z,River Herring,27,1,day,train
545190,2_2017-04-18_14-20-43.mp4,completed,2024-11-06T15:17:50.240866Z,River Herring,97,2,day,train
545192,2_2017-04-18_17-08-51.mp4,completed,2024-11-06T15:17:50.240866Z,River Herring,32,1,day,train
545194,2_2017-04-18_17-17-33.mp4,completed,2024-11-06T15:17:50.240866Z,River Herring,56,1,day,val
545199,2_2017-04-19_08-11-26.mp4,completed,2024-11-06T15:17:50.240866Z,River Herring,33,1,day,train
545209,2_2017-04-21_12-05-16.mp4,completed,2024-11-06T15:17:50.240866Z,Perch,111,1,day,train
545213,2_2017-04-22_14-18-43.mp4,completed,2024-11-06T15:17:50.240866Z,River Herring,47,1,day,train
545221,2_2017-04-25_06-19-11.mp4,completed,2024-11-06T15:17:50.240866Z,River Herring,42,1,day,train
545225,2_2017-04-25_07-03-12.mp4,completed,2024-11-06T15:17:50.240866Z,River Herring,38,1,day,train
545226,2_2017-04-25_07-07-23.mp4,completed,2024-11-06T15:17:50.240866Z,River Herring,52,1,day,train
545229,2_2017-04-25_08-37-14.mp4,completed,2024-11-06T15:17:50.240866Z,River Herring,37,1,day,train
545231,2_2017-04-25_10-53-11.mp4,completed,2024-11-06T15:17:50.240866Z,River Herring,32,1,day,test
545238,2_2017-04-25_17-52-37.mp4,annotation,2024-11-18T19:04:55.376617Z,River Herring,51,3,day,train
545245,2_2017-04-29_12-50-08.mp4,annotation,2024-11-18T16:53:20.218602Z,River Herring,42,1,day,val
545246,2_2017-04-29_15-28-09.mp4,completed,2024-11-06T15:17:50.240866Z,River Herring,189,6,day,train
545248,2_2017-04-29_15-58-43.mp4,completed,2024-11-06T15:17:50.240866Z,River Herring,34,1,day,test
545251,2_2017-04-29_17-32-56.mp4,completed,2024-11-06T15:17:50.240866Z,River Herring,34,1,day,train
545267,2_2017-05-01_10-36-43.mp4,completed,2024-11-06T15:17:50.240866Z,River Herring,58,2,day,train
545268,2_2017-05-01_11-53-09.mp4,completed,2024-11-06T15:17:50.240866Z,River Herring,32,1,day,train
545270,2_2017-05-01_12-57-07.mp4,completed,2024-11-06T15:17:50.240866Z,River Herring,40,1,day,val
545271,2_2017-05-04_15-17-51.mp4,completed,2024-11-06T15:17:50.240866Z,River Herring,57,1,day,train
545273,2_2017-05-04_18-09-16.mp4,completed,2024-11-06T15:17:50.240866Z,Trout,40,1,day,train
545275,2_2017-05-05_13-39-23.mp4,completed,2024-11-06T15:17:50.240866Z,River Herring,49,1,day,train
545278,2_2017-05-05_15-48-23.mp4,completed,2024-11-06T15:17:50.240866Z,Trout,434,3,day,train
545282,2_2017-05-06_14-54-14.mp4,completed,2024-11-06T15:17:50.240866Z,River Herring,68,1,day,train
545283,2_2017-05-06_15-04-24.mp4,completed,2024-11-06T15:17:50.240866Z,River Herring,62,1,day,train
545286,2_2017-05-06_15-54-18.mp4,completed,2024-11-06T15:17:50.240866Z,River Herring,26,1,day,test
545290,2_2017-05-06_17-21-09.mp4,completed,2024-11-06T15:17:50.240866Z,River Herring,39,1,day,train
545293,2_2017-05-08_09-07-18.mp4,completed,2024-11-06T15:17:50.240866Z,River Herring,42,1,day,train
545294,2_2017-05-08_09-58-26.mp4,completed,2024-11-06T15:17:50.240866Z,River Herring,28,1,day,train
545296,2_2017-05-08_10-15-57.mp4,completed,2024-11-06T15:17:50.240866Z,River Herring,47,1,day,test
545297,2_2017-05-08_10-20-10.mp4,completed,2024-11-06T15:17:50.240866Z,River Herring,41,1,day,train
545298,2_2017-05-08_11-37-01.mp4,completed,2024-11-06T15:17:50.240866Z,Bass,52,1,day,val
545299,2_2017-05-08_15-24-24.mp4,completed,2024-11-06T15:17:50.240866Z,River Herring,55,2,day,train
545300,2_2017-05-08_17-51-51.mp4,completed,2024-11-06T15:17:50.240866Z,River Herring,72,2,day,train
545301,2_2017-05-09_06-43-30.mp4,completed,2024-11-06T15:17:50.240866Z,Unknown Fish,38,1,day,train
545308,2_2017-05-11_09-40-20.mp4,completed,2024-11-06T15:17:50.240866Z,River Herring,8,1,day,train
545312,2_2017-05-11_14-10-28.mp4,completed,2024-11-06T15:17:50.240866Z,Unknown Fish,62,3,day,train
545313,2_2017-05-11_14-11-16.mp4,completed,2024-11-06T15:17:50.240866Z,Unknown Fish,93,2,day,test
545314,2_2017-05-11_14-24-57.mp4,completed,2024-11-06T15:17:50.240866Z,Unknown Fish,56,3,day,train
545315,2_2017-05-11_15-09-49.mp4,completed,2024-11-06T15:17:50.240866Z,"Trout, Unknown Fish",123,2,day,train
545316,2_2017-05-11_16-10-14.mp4,completed,2024-11-06T15:17:50.240866Z,River Herring,26,2,day,train
545319,2_2017-05-11_16-50-27.mp4,completed,2024-11-18T15:21:27.337012Z,"Perch, Trout",130,2,day,train
545320,2_2017-05-11_17-54-59.mp4,completed,2024-11-18T15:22:02.810300Z,Perch,70,1,day,test
545321,2_2017-05-11_18-04-24.mp4,completed,2024-11-18T15:22:46.305262Z,Perch,70,1,day,val
545322,2_2017-05-12_07-03-02.mp4,completed,2024-11-18T15:23:25.127713Z,River Herring,37,1,day,val
545325,2_2017-05-12_09-00-57.mp4,completed,2024-11-18T15:24:04.187416Z,River Herring,84,2,day,train
545327,2_2017-05-12_09-40-07.mp4,completed,2024-11-18T15:25:03.267934Z,River Herring,25,1,day,train
545328,2_2017-05-12_09-55-35.mp4,completed,2024-11-18T15:28:37.077348Z,River Herring,51,2,day,train
545329,2_2017-05-12_11-04-49.mp4,completed,2024-11-18T15:29:31.953391Z,River Herring,27,1,day,test
545331,2_2017-05-12_17-41-49.mp4,completed,2024-11-06T15:17:50.240866Z,River Herring,63,1,day,train
545333,2_2017-05-12_17-43-57.mp4,completed,2024-11-06T15:17:50.240866Z,River Herring,55,2,day,val
545334,2_2017-05-13_06-45-26.mp4,completed,2024-11-18T15:30:08.965052Z,River Herring,22,1,day,test
545335,2_2017-05-13_07-02-55.mp4,completed,2024-11-18T15:30:58.029953Z,River Herring,38,1,day,test
545337,2_2017-05-13_09-39-51.mp4,completed,2024-11-06T15:17:50.240866Z,River Herring,106,3,day,train
545338,2_2017-05-13_10-54-51.mp4,completed,2024-11-06T15:17:50.240866Z,River Herring,34,1,day,train
545339,2_2017-05-13_12-07-06.mp4,completed,2024-11-06T15:17:50.240866Z,River Herring,45,1,day,train
545340,2_2017-05-13_18-28-10.mp4,completed,2024-11-06T15:17:50.240866Z,River Herring,31,1,day,train
545341,2_2017-05-16_18-30-01.mp4,completed,2024-11-06T15:17:50.240866Z,Perch,49,1,day,train
545343,2_2017-05-16_19-09-11.mp4,completed,2024-11-18T15:32:29.775880Z,Bass,70,1,day,test
545345,2_2017-05-17_08-08-04.mp4,completed,2024-11-18T15:39:27.046394Z,Lamprey,124,1,day,train
545346,2_2017-05-17_08-09-15.mp4,completed,2024-11-18T15:46:23.712922Z,Lamprey,109,1,day,val
545347,2_2017-05-17_08-34-52.mp4,completed,2024-11-18T16:16:30.821997Z,Perch,59,1,day,train
545348,2_2017-05-17_09-35-16.mp4,completed,2024-11-06T15:17:50.240866Z,River Herring,52,3,day,train
545349,2_2017-05-17_10-11-11.mp4,completed,2024-11-06T15:17:50.240866Z,River Herring,101,3,day,train
545350,2_2017-05-17_10-51-37.mp4,completed,2024-11-06T15:17:50.240866Z,River Herring,27,1,day,val
545357,2_2017-05-17_13-21-59.mp4,completed,2024-11-06T15:17:50.240866Z,River Herring,34,1,day,train
545359,2_2017-05-17_15-06-44.mp4,completed,2024-11-18T16:22:11.601968Z,Lamprey,99,1,day,train
545360,2_2017-05-17_15-30-05.mp4,completed,2024-11-18T16:28:49.363895Z,"Bass, Trout",89,2,day,train
545362,2_2017-05-17_15-33-07.mp4,completed,2024-11-18T16:33:02.944032Z,Perch,63,1,day,train
545363,2_2017-05-17_16-09-40.mp4,completed,2024-11-18T16:35:55.095715Z,Lamprey,43,1,day,train
545364,2_2017-05-17_16-49-57.mp4,completed,2024-11-06T15:17:50.240866Z,Eel,68,1,day,train
545365,2_2017-05-17_17-33-37.mp4,completed,2024-11-06T15:17:50.240866Z,River Herring,46,1,day,train
545366,2_2017-05-17_18-16-38.mp4,completed,2024-11-06T15:17:50.240866Z,Eel,72,1,day,train
545367,2_2017-05-17_18-33-11.mp4,completed,2024-11-18T16:38:58.414095Z,Perch,63,1,day,val
545368,2_2017-05-17_19-09-39.mp4,completed,2024-11-18T16:47:06.984844Z,Perch,91,1,day,train
545370,2_2017-05-17_19-17-46.mp4,completed,2024-11-06T15:17:50.240866Z,River Herring,62,1,day,val
545371,2_2017-05-17_23-18-58.mp4,completed,2024-11-18T16:48:48.668304Z,Perch,16,1,night,train
545372,2_2017-05-18_06-34-21.mp4,completed,2024-11-06T15:17:50.240866Z,River Herring,71,1,day,train
545373,2_2017-05-18_07-46-28.mp4,completed,2024-11-06T15:17:50.240866Z,River Herring,70,2,day,test
545374,2_2017-05-18_08-16-01.mp4,completed,2024-11-06T15:17:50.240866Z,Bass,75,1,day,train
545377,2_2017-05-18_10-05-45.mp4,completed,2024-11-18T16:50:44.676770Z,Perch,53,1,day,train
545379,2_2017-05-18_10-41-56.mp4,completed,2024-11-06T15:17:50.240866Z,Eel,69,2,day,train
545380,2_2017-05-18_10-46-35.mp4,completed,2024-11-18T16:53:42.220793Z,Bass,152,1,day,test
545381,2_2017-05-18_13-12-02.mp4,completed,2024-11-06T15:17:50.240866Z,River Herring,25,1,day,train
545382,2_2017-05-18_13-13-32.mp4,completed,2024-11-18T17:00:46.662360Z,Lamprey,140,2,day,train
545383,2_2017-05-18_13-18-20.mp4,completed,2024-11-06T15:17:50.240866Z,River Herring,26,1,day,train
545384,2_2017-05-18_13-31-32.mp4,completed,2024-11-06T15:17:50.240866Z,River Herring,40,1,day,train
545386,2_2017-05-18_13-55-12.mp4,completed,2024-11-06T15:17:50.240866Z,Unknown Fish,73,1,day,train
545388,2_2017-05-18_14-05-08.mp4,completed,2024-11-06T15:17:50.240866Z,River Herring,90,2,day,test
545390,2_2017-05-18_14-30-26.mp4,completed,2024-11-18T16:41:38.091914Z,Perch,75,1,day,train
545392,2_2017-05-18_14-33-37.mp4,completed,2024-11-06T15:17:50.240866Z,River Herring,44,1,day,train
545393,2_2017-05-18_15-04-32.mp4,completed,2024-11-06T15:17:50.240866Z,River Herring,29,1,day,train
545394,2_2017-05-18_15-10-22.mp4,completed,2024-11-06T15:17:50.240866Z,Bass,78,1,day,train
545395,2_2017-05-18_15-11-24.mp4,completed,2024-11-06T15:17:50.240866Z,River Herring,63,2,day,train
545396,2_2017-05-18_16-48-01.mp4,completed,2024-11-18T16:42:16.287804Z,Lamprey,82,1,day,train
545397,2_2017-05-18_19-13-18.mp4,completed,2024-11-18T17:05:42.101514Z,River Herring,238,1,day,train
545399,2_2017-05-18_21-21-36.mp4,completed,2024-11-06T15:17:50.240866Z,Unknown Fish,23,1,night,test
545400,2_2017-05-19_05-48-40.mp4,completed,2024-11-19T04:10:20.954680Z,Lamprey,480,1,dawn,train
545402,2_2017-05-19_05-49-19.mp4,completed,2024-11-18T17:07:32.555669Z,Lamprey,69,1,day,train
545403,2_2017-05-19_06-43-24.mp4,completed,2024-11-19T04:56:33.145020Z,"Perch, River Herring",80,2,day,val
545404,2_2017-05-19_07-02-10.mp4,completed,2024-11-18T17:17:54.464487Z,"Perch, Trout",144,3,day,train
545406,2_2017-05-19_07-36-39.mp4,completed,2024-11-06T15:17:50.240866Z,River Herring,77,1,day,train
545407,2_2017-05-19_07-39-44.mp4,completed,2024-11-06T15:17:50.240866Z,River Herring,63,2,day,train
545408,2_2017-05-19_07-44-35.mp4,completed,2024-11-18T17:24:10.993053Z,"Bass, Trout",97,2,day,train
545409,2_2017-05-19_08-26-06.mp4,completed,2024-11-18T17:35:05.124700Z,Trout,135,2,day,train
545410,2_2017-05-19_08-40-04.mp4,completed,2024-11-19T04:54:17.952033Z,Trout,57,2,day,train
545411,2_2017-05-19_08-45-58.mp4,completed,2024-11-06T15:17:50.240866Z,River Herring,65,1,day,test
545412,2_2017-05-19_09-09-02.mp4,completed,2024-11-06T15:17:50.240866Z,Sunfish,53,1,day,train
545413,2_2017-05-19_09-48-27.mp4,completed,2024-11-06T15:17:50.240866Z,River Herring,63,2,day,test
545415,2_2017-05-19_10-39-47.mp4,completed,2024-11-06T15:17:50.240866Z,Sunfish,110,1,day,train
545416,2_2017-05-19_12-52-40.mp4,completed,2024-11-18T20:58:44.651973Z,River Herring,35,1,day,train
545417,2_2017-05-19_14-04-24.mp4,completed,2024-11-06T15:17:50.240866Z,River Herring,34,1,day,train
545418,2_2017-05-19_14-09-14.mp4,completed,2024-11-19T04:45:11.863533Z,Perch,65,1,day,train
545421,2_2017-05-19_14-32-08.mp4,completed,2024-11-06T15:17:50.240866Z,River Herring,83,2,day,train
545422,2_2017-05-19_15-01-10.mp4,completed,2024-11-19T04:44:14.224884Z,Perch,66,1,day,train
545423,2_2017-05-19_15-28-33.mp4,completed,2024-11-06T15:17:50.240866Z,Trout,74,2,day,train
545425,2_2017-05-19_15-57-56.mp4,completed,2024-11-06T15:17:50.240866Z,River Herring,40,1,day,train
545426,2_2017-05-20_06-27-49.mp4,completed,2024-11-06T15:17:50.240866Z,River Herring,24,1,day,train
545427,2_2017-05-20_07-07-32.mp4,completed,2024-11-06T15:17:50.240866Z,Bass,89,1,day,train
545429,2_2017-05-20_08-05-40.mp4,completed,2024-11-06T15:17:50.240866Z,Trout,60,1,day,train
545430,2_2017-05-20_08-43-50.mp4,completed,2024-11-19T04:43:18.024177Z,River Herring,92,2,day,train
545431,2_2017-05-20_09-54-18.mp4,completed,2024-11-19T04:42:29.708915Z,River Herring,75,1,day,train
545432,2_2017-05-20_14-31-47.mp4,completed,2024-11-19T04:41:33.637599Z,"Perch, Trout",40,2,day,train
545434,2_2017-05-20_15-17-39.mp4,completed,2024-11-06T15:17:50.240866Z,Trout,62,1,day,test
545436,2_2017-05-20_15-20-39.mp4,completed,2024-11-06T15:17:50.240866Z,River Herring,52,3,day,train
545437,2_2017-05-20_15-26-40.mp4,completed,2024-11-06T15:17:50.240866Z,River Herring,64,3,day,train
545439,2_2017-05-20_16-16-35.mp4,completed,2024-11-06T15:17:50.240866Z,Trout,369,3,day,val
545440,2_2017-05-20_16-38-20.mp4,completed,2024-11-19T04:40:15.878486Z,"Unknown Fish, Trout, River Herring",105,3,day,val
545442,2_2017-05-20_19-48-09.mp4,completed,2024-11-06T15:17:50.240866Z,Sunfish,156,1,night,train
545443,2_2017-05-21_09-59-59.mp4,completed,2024-11-19T04:39:01.501805Z,River Herring,31,1,day,train
545444,2_2017-05-21_13-22-25.mp4,completed,2024-11-06T15:17:50.240866Z,Trout,70,1,day,train
545446,2_2017-05-21_14-19-12.mp4,completed,2024-11-06T15:17:50.240866Z,River Herring,37,1,day,train
545448,2_2017-05-21_17-44-48.mp4,completed,2024-11-06T15:17:50.240866Z,Bass,205,1,day,val
545449,2_2017-05-21_21-30-36.mp4,completed,2024-11-19T04:38:18.761847Z,Eel,45,2,night,train
545451,2_2017-05-21_21-39-48.mp4,completed,2024-11-06T15:17:50.240866Z,Eel,10,1,night,train
545452,2_2017-05-21_23-14-55.mp4,completed,2024-11-19T04:37:36.211053Z,Eel,13,1,night,train
545454,2_2017-05-22_06-34-21.mp4,completed,2024-11-06T15:17:50.240866Z,River Herring,45,2,day,train
545455,2_2017-05-22_07-57-03.mp4,completed,2024-11-06T15:17:50.240866Z,River Herring,52,2,day,train
545456,2_2017-05-22_15-18-39.mp4,completed,2024-11-06T15:17:50.240866Z,Trout,65,1,day,test
545457,2_2017-05-22_15-32-20.mp4,completed,2024-11-06T15:17:50.240866Z,Sunfish,71,1,day,train
545460,2_2017-05-22_16-37-17.mp4,completed,2024-11-06T15:17:50.240866Z,River Herring,30,1,day,train
545462,2_2017-05-22_16-40-24.mp4,completed,2024-11-06T15:17:50.240866Z,River Herring,40,1,day,train
545463,2_2017-05-23_01-13-42.mp4,completed,2024-11-06T15:17:50.240866Z,Unknown Fish,8,1,night,train
545464,2_2017-05-24_09-51-05.mp4,completed,2024-11-06T15:17:50.240866Z,Bass,25,1,day,train
545465,2_2017-05-24_10-39-20.mp4,completed,2024-11-06T15:17:50.240866Z,Trout,65,1,day,train
545466,2_2017-05-24_12-56-18.mp4,completed,2024-11-06T15:17:50.240866Z,Bass,232,3,day,train
545467,2_2017-05-24_13-10-23.mp4,completed,2024-11-06T15:17:50.240866Z,Trout,37,1,day,val
545468,2_2017-05-24_14-29-43.mp4,completed,2024-11-06T15:17:50.240866Z,Trout,69,1,day,train
545469,2_2017-05-24_15-05-13.mp4,completed,2024-11-06T15:17:50.240866Z,Trout,69,2,day,train
545470,2_2017-05-24_15-23-34.mp4,completed,2024-11-06T15:17:50.240866Z,Perch,77,1,day,train
545473,2_2017-05-24_15-58-52.mp4,completed,2024-11-06T15:17:50.240866Z,River Herring,29,1,day,train
545474,2_2017-05-24_18-30-28.mp4,completed,2024-11-06T15:17:50.240866Z,Bass,29,1,day,train
545476,2_2017-05-24_21-30-10.mp4,completed,2024-11-06T15:17:50.240866Z,River Herring,30,1,night,train
545477,2_2017-05-25_15-43-47.mp4,completed,2024-11-06T15:17:50.240866Z,Trout,76,1,day,train
545479,2_2017-05-26_14-47-29.mp4,completed,2024-11-06T15:17:50.240866Z,Trout,48,1,day,train
545480,2_2017-05-27_06-46-06.mp4,completed,2024-11-06T15:17:50.240866Z,Bass,26,1,day,train
545481,2_2017-05-27_07-37-24.mp4,completed,2024-11-19T04:35:38.742527Z,Bass,42,2,day,test
545482,2_2017-05-27_07-46-01.mp4,completed,2024-11-19T04:34:04.944838Z,Bass,68,2,day,val
545483,2_2017-05-27_09-12-00.mp4,completed,2024-11-19T04:33:20.086930Z,Bass,49,1,day,train
545484,2_2017-05-28_06-19-11.mp4,completed,2024-11-06T15:17:50.240866Z,Trout,203,1,day,train
545485,2_2017-05-28_06-44-53.mp4,completed,2024-11-19T04:32:40.334335Z,Bass,26,1,day,train
545486,2_2017-05-29_08-33-54.mp4,completed,2024-11-06T15:17:50.240866Z,River Herring,15,1,day,train
545487,2_2017-06-01_18-36-30.mp4,completed,2024-11-06T15:17:50.240866Z,Sunfish,64,2,day,train
545488,2_2017-06-02_06-27-58.mp4,completed,2024-11-06T15:17:50.240866Z,River Herring,32,2,day,test
545489,2_2017-06-02_06-35-00.mp4,completed,2024-11-06T15:17:50.240866Z,River Herring,68,4,day,train
545490,2_2017-06-02_09-41-56.mp4,completed,2024-11-06T15:17:50.240866Z,River Herring,58,1,day,val
545491,2_2017-06-02_09-42-20.mp4,completed,2024-11-06T15:17:50.240866Z,River Herring,72,1,day,train
545492,2_2017-06-02_09-42-57.mp4,completed,2024-11-06T15:17:50.240866Z,River Herring,74,1,day,train
545493,2_2017-06-02_17-58-42.mp4,completed,2024-11-06T15:17:50.240866Z,River Herring,30,1,day,train
545495,2_2017-06-03_13-50-40.mp4,completed,2024-11-06T15:17:50.240866Z,Sunfish,90,1,day,test
545496,2_2017-06-04_06-09-56.mp4,completed,2024-11-06T15:17:50.240866Z,Trout,61,1,day,train
545497,2_2017-06-04_08-13-48.mp4,completed,2024-11-06T15:17:50.240866Z,Trout,85,2,day,train
545498,2_2017-06-04_11-42-17.mp4,completed,2024-11-06T15:17:50.240866Z,Trout,97,1,day,train
545499,2_2017-06-04_15-44-52.mp4,completed,2024-11-06T15:17:50.240866Z,Bass,365,1,day,train
545501,2_2017-06-04_15-57-18.mp4,completed,2024-11-06T15:17:50.240866Z,Bass,40,2,day,train
545502,2_2017-06-04_15-57-27.mp4,completed,2024-11-06T15:17:50.240866Z,Bass,54,1,day,train
545503,2_2017-06-08_06-44-34.mp4,completed,2024-11-19T04:30:42.606297Z,Bass,57,1,day,train
545504,2_2017-06-11_17-04-03.mp4,completed,2024-11-06T15:17:50.240866Z,Sunfish,17,1,day,test
545505,2_2017-06-11_17-23-17.mp4,completed,2024-11-19T04:30:00.702624Z,Bass,192,2,day,train
545506,2_2017-06-11_17-23-27.mp4,completed,2024-11-06T15:17:50.240866Z,"Bass, Sunfish",211,2,day,train
545507,2_2017-06-12_06-22-45.mp4,completed,2024-11-19T04:28:37.996717Z,Sunfish,177,1,day,train
545508,2_2017-06-12_07-02-15.mp4,completed,2024-11-06T15:17:50.240866Z,"Bass, Eel",101,2,day,train
545510,2_2017-06-12_08-30-21.mp4,completed,2024-11-06T15:17:50.240866Z,River Herring,192,2,day,test
545512,2_2017-06-12_10-15-03.mp4,completed,2024-11-06T15:17:50.240866Z,Perch,90,1,day,train
545513,2_2017-06-12_11-44-54.mp4,completed,2024-11-06T15:17:50.240866Z,River Herring,130,1,day,train
545514,2_2017-06-12_11-48-11.mp4,completed,2024-11-06T15:17:50.240866Z,River Herring,112,1,day,val
545515,2_2017-06-12_12-24-07.mp4,completed,2024-11-06T15:17:50.240866Z,Perch,117,1,day,train
545516,2_2017-06-12_16-15-21.mp4,completed,2024-11-06T15:17:50.240866Z,Trout,62,1,day,train
545517,2_2017-06-12_17-20-44.mp4,completed,2024-11-06T15:17:50.240866Z,River Herring,20,1,day,train
545525,2_2017-05-10_14-10-41.mp4,completed,2024-11-06T15:17:50.240866Z,River Herring,28,1,day,train
545527,2_2017-05-18_08-31-31.mp4,completed,2024-11-06T15:17:50.240866Z,Trout,150,1,day,test
545148,2_2017-04-13_12-39-29.mp4,completed,2024-12-15T05:58:18.009272Z,River Herring,71,3,day,train
545153,2_2017-04-13_14-10-29.mp4,completed,2024-12-15T06:27:52.277415Z,River Herring,50,3,day,train
545172,2_2017-04-17_10-34-00.mp4,completed,2024-12-15T06:33:47.316499Z,River Herring,29,2,day,val
545174,2_2017-04-17_17-45-21.mp4,completed,2024-12-15T06:41:45.588360Z,River Herring,115,4,day,train
545187,2_2017-04-18_11-13-19.mp4,completed,2024-12-15T06:59:51.488750Z,Perch,70,1,day,train
545195,2_2017-04-18_17-40-07.mp4,completed,2024-12-15T07:03:56.840177Z,River Herring,51,1,day,train
545196,2_2017-04-18_18-02-35.mp4,completed,2024-12-15T07:06:22.683526Z,River Herring,23,1,day,train
545207,2_2017-04-20_13-37-40.mp4,completed,2024-12-14T06:30:17.184211Z,Bass,93,1,day,train
545208,2_2017-04-21_11-15-20.mp4,completed,2024-12-15T06:56:58.672651Z,Perch,194,2,day,train
545227,2_2017-04-25_07-30-25.mp4,completed,2024-12-15T07:08:22.858229Z,River Herring,24,1,day,train
545242,2_2017-04-29_09-09-49.mp4,completed,2024-12-15T07:10:44.719099Z,River Herring,33,1,day,train
545250,2_2017-04-29_17-23-20.mp4,completed,2024-12-15T07:14:59.060907Z,River Herring,60,3,day,train
542267,2_2018-04-13_11-00-03.mp4,completed,2024-11-15T20:16:52.684648Z,River Herring,12,1,day,train
542292,2_2018-04-14_17-12-42.mp4,completed,2024-11-15T20:18:34.058553Z,River Herring,14,1,day,train
542293,2_2018-04-14_17-33-33.mp4,completed,2024-11-15T20:20:31.748957Z,River Herring,22,1,day,train
542353,2_2018-04-27_13-07-38.mp4,completed,2024-11-06T15:17:50.240866Z,River Herring,12,1,day,train
542360,2_2018-04-27_15-23-03.mp4,completed,2024-11-14T21:23:02.690726Z,River Herring,23,3,day,train
542375,2_2018-04-27_16-36-07.mp4,completed,2024-11-15T14:53:28.558089Z,River Herring,26,3,day,train
542381,2_2018-04-27_16-48-38.mp4,completed,2024-11-14T21:22:54.139448Z,River Herring,24,4,day,train
542398,2_2018-04-27_17-46-36.mp4,completed,2024-11-15T14:57:12.457756Z,River Herring,25,3,day,train
542451,2_2018-04-29_08-16-42.mp4,completed,2024-11-14T21:16:00.760180Z,Trout,26,1,day,train
542468,2_2018-04-29_13-07-53.mp4,completed,2024-11-14T21:20:06.121680Z,Trout,37,4,day,train
542483,2_2018-04-29_16-17-14.mp4,completed,2024-11-15T20:22:23.244941Z,River Herring,12,1,day,train
542517,2_2018-04-29_17-59-40.mp4,completed,2024-11-06T15:17:50.240866Z,River Herring,39,5,day,train
542521,2_2018-04-29_18-12-22.mp4,completed,2024-11-06T15:17:50.240866Z,Trout,20,1,day,train
542532,2_2018-04-29_18-27-20.mp4,completed,2024-11-06T15:17:50.240866Z,River Herring,15,1,day,train
542538,2_2018-04-29_18-31-06.mp4,completed,2024-11-06T15:17:50.240866Z,River Herring,9,1,day,test
542544,2_2018-04-29_18-33-45.mp4,completed,2024-11-06T15:17:50.240866Z,River Herring,13,1,day,train
542550,2_2018-04-29_18-51-11.mp4,completed,2024-11-15T20:25:33.320878Z,"Unknown Fish, River Herring",92,2,day,train
542557,2_2018-04-29_19-08-39.mp4,completed,2024-11-06T15:17:50.240866Z,River Herring,11,1,day,val
542572,2_2018-05-02_06-19-22.mp4,completed,2024-11-14T21:18:25.712879Z,River Herring,13,1,day,train
542598,2_2018-05-03_16-21-02.mp4,completed,2024-11-06T15:17:50.240866Z,River Herring,18,2,day,train
542785,2_2018-05-22_13-37-26.mp4,completed,2024-11-06T15:17:50.240866Z,Sunfish,34,1,day,val
542816,2_2018-05-24_00-11-38.mp4,completed,2024-11-15T15:32:33.133658Z,River Herring,9,1,night,val
542824,2_2018-05-24_14-30-52.mp4,completed,2024-11-15T15:17:34.354509Z,Trout,25,1,day,test
542833,2_2018-05-25_14-02-31.mp4,completed,2024-11-15T15:11:33.535517Z,Sunfish,120,1,day,train
542836,2_2018-05-25_14-42-28.mp4,completed,2024-11-15T15:30:33.928832Z,Trout,86,2,day,train
542851,2_2018-05-25_17-34-10.mp4,completed,2024-11-15T20:43:07.824116Z,Sunfish,111,2,day,test
542872,2_2018-05-26_17-35-05.mp4,completed,2024-11-15T20:30:28.819238Z,Sunfish,54,1,day,train
544607,2_2018-04-13_15-14-33.mp4,completed,2024-11-06T15:17:50.240866Z,Perch,22,1,day,test
544610,2_2018-04-14_06-59-36.mp4,completed,2024-11-09T01:21:46.876247Z,Trout,18,1,day,train
544612,2_2018-04-22_07-10-37.mp4,completed,2024-11-06T15:17:50.240866Z,River Herring,14,1,day,train
544613,2_2018-04-26_15-03-18.mp4,completed,2024-11-06T15:17:50.240866Z,River Herring,62,4,day,train
544614,2_2018-04-27_09-34-41.mp4,completed,2024-11-14T21:17:46.506707Z,Trout,80,2,day,train
544615,2_2018-04-27_12-01-34.mp4,completed,2024-11-06T15:17:50.240866Z,River Herring,11,1,day,train
544616,2_2018-04-27_12-19-33.mp4,completed,2024-11-06T15:17:50.240866Z,River Herring,18,1,day,train
544618,2_2018-04-27_16-02-17.mp4,completed,2024-11-06T15:17:50.240866Z,River Herring,23,2,day,train
544621,2_2018-04-27_18-31-15.mp4,completed,2024-11-14T21:14:59.278220Z,River Herring,14,1,day,train
544622,2_2018-04-27_19-23-06.mp4,completed,2024-11-06T15:17:50.240866Z,River Herring,14,1,night,test
544623,2_2018-04-28_10-16-14.mp4,completed,2024-11-15T20:45:30.724004Z,River Herring,16,2,day,val
544624,2_2018-04-28_10-36-04.mp4,completed,2024-11-06T15:17:50.240866Z,River Herring,25,2,day,train
544630,2_2018-04-28_11-47-44.mp4,completed,2024-11-14T21:14:14.615609Z,Trout,19,1,day,train
544631,2_2018-04-28_18-36-05.mp4,completed,2024-11-18T15:17:10.068436Z,Lamprey,38,2,day,train
544632,2_2018-04-29_07-02-06.mp4,completed,2024-11-09T01:25:12.480540Z,"Trout, River Herring",49,2,day,val
544634,2_2018-04-29_07-46-46.mp4,completed,2024-11-06T15:17:50.240866Z,River Herring,31,1,day,train
544637,2_2018-04-29_08-55-19.mp4,completed,2024-11-06T15:17:50.240866Z,River Herring,19,1,day,test
544638,2_2018-04-29_09-14-03.mp4,completed,2024-11-06T15:17:50.240866Z,River Herring,10,1,day,train
544639,2_2018-04-29_09-34-24.mp4,completed,2024-11-06T15:17:50.240866Z,River Herring,15,1,day,val
544640,2_2018-04-29_10-25-43.mp4,completed,2024-11-06T15:17:50.240866Z,River Herring,14,1,day,train
544641,2_2018-04-29_14-26-34.mp4,completed,2024-11-06T15:17:50.240866Z,River Herring,22,1,day,train
544642,2_2018-04-29_15-39-37.mp4,completed,2024-11-09T01:32:56.441280Z,Trout,41,3,day,train
544644,2_2018-04-29_15-55-24.mp4,completed,2024-11-06T15:17:50.240866Z,"Unknown Fish, River Herring",36,3,day,train
544645,2_2018-04-29_16-54-05.mp4,completed,2024-11-06T15:17:50.240866Z,River Herring,15,1,day,train
544649,2_2018-04-29_17-12-32.mp4,completed,2024-11-06T15:17:50.240866Z,"Trout, River Herring",31,4,day,train
544651,2_2018-04-29_17-36-58.mp4,completed,2024-11-06T15:17:50.240866Z,River Herring,16,1,day,train
544654,2_2018-04-30_08-06-16.mp4,completed,2024-11-09T01:35:37.023291Z,Trout,45,1,day,train
544656,2_2018-05-02_06-02-07.mp4,completed,2024-11-09T01:36:40.911289Z,River Herring,27,3,dawn,train
544658,2_2018-05-02_06-33-47.mp4,completed,2024-11-09T01:37:25.019121Z,"Trout, River Herring",38,2,day,train
544659,2_2018-05-02_07-15-39.mp4,completed,2024-11-06T15:17:50.240866Z,River Herring,17,1,day,train
544661,2_2018-05-02_10-47-40.mp4,completed,2024-11-09T01:37:59.486779Z,River Herring,16,1,day,train
544665,2_2018-05-03_16-27-20.mp4,completed,2024-11-19T04:14:24.000029Z,Lamprey,97,1,day,train
544672,2_2018-05-03_17-27-31.mp4,completed,2024-11-06T15:17:50.240866Z,River Herring,11,1,day,test
544675,2_2018-05-03_18-22-08.mp4,completed,2024-11-09T01:19:42.893983Z,Lamprey,75,1,day,train
544679,2_2018-05-03_20-54-09.mp4,completed,2024-11-06T16:07:20.898760Z,Lamprey,15,1,night,train
544681,2_2018-05-04_08-05-29.mp4,completed,2024-11-09T01:15:51.219817Z,Perch,10,1,day,train
544683,2_2018-05-04_09-55-38.mp4,completed,2024-11-09T01:15:04.222942Z,River Herring,25,2,day,train
544691,2_2018-05-04_12-47-09.mp4,completed,2024-11-06T15:17:50.240866Z,River Herring,18,1,day,train
544694,2_2018-05-04_13-59-40.mp4,completed,2024-11-06T15:17:50.240866Z,River Herring,10,1,day,train
544698,2_2018-05-04_15-49-29.mp4,completed,2024-11-06T15:17:50.240866Z,Eel,9,1,day,test
544701,2_2018-05-04_19-26-46.mp4,completed,2024-11-08T21:35:10.336627Z,River Herring,26,5,night,train
544703,2_2018-05-05_09-32-37.mp4,completed,2024-11-15T16:21:01.212591Z,River Herring,65,3,day,train
544705,2_2018-05-05_11-14-30.mp4,completed,2024-11-15T16:22:27.059715Z,Trout,24,1,day,train
544708,2_2018-05-05_11-40-16.mp4,completed,2024-11-18T15:20:07.354876Z,Unknown Fish,15,1,day,train
544710,2_2018-05-05_12-04-58.mp4,completed,2024-11-08T21:16:08.711338Z,River Herring,20,3,day,train
544747,2_2018-05-05_12-20-04.mp4,completed,2024-11-06T15:17:50.240866Z,River Herring,15,1,day,train
544750,2_2018-05-05_12-39-09.mp4,completed,2024-11-08T21:12:37.058104Z,River Herring,37,2,day,train
544755,2_2018-05-05_13-31-05.mp4,completed,2024-11-06T15:17:50.240866Z,River Herring,24,2,day,train
544758,2_2018-05-05_13-49-11.mp4,completed,2024-11-06T15:17:50.240866Z,River Herring,15,1,day,train
544761,2_2018-05-05_14-02-54.mp4,completed,2024-11-06T15:17:50.240866Z,River Herring,9,1,day,train
544765,2_2018-05-05_14-57-03.mp4,completed,2024-11-06T15:17:50.240866Z,River Herring,27,2,day,train
544766,2_2018-05-05_15-21-27.mp4,completed,2024-11-06T15:17:50.240866Z,River Herring,10,1,day,train
544767,2_2018-05-05_15-32-29.mp4,completed,2024-11-06T15:17:50.240866Z,River Herring,10,1,day,train
544774,2_2018-05-05_18-10-49.mp4,completed,2024-11-06T15:17:50.240866Z,River Herring,13,1,day,train
544777,2_2018-05-05_18-52-37.mp4,completed,2024-11-06T15:17:50.240866Z,Perch,34,1,day,train
544780,2_2018-05-06_06-09-19.mp4,completed,2024-11-06T15:17:50.240866Z,River Herring,15,1,day,train
544786,2_2018-05-06_06-34-26.mp4,completed,2024-11-08T21:09:27.718782Z,Perch,38,1,day,val
544789,2_2018-05-06_07-23-52.mp4,completed,2024-11-06T15:17:50.240866Z,River Herring,17,1,day,train
544793,2_2018-05-06_08-43-44.mp4,completed,2024-11-06T15:17:50.240866Z,River Herring,21,1,day,train
544794,2_2018-05-06_12-54-02.mp4,completed,2024-11-06T15:17:50.240866Z,River Herring,20,1,day,train
544799,2_2018-05-06_13-27-59.mp4,completed,2024-11-06T15:17:50.240866Z,River Herring,20,1,day,train
544803,2_2018-05-06_15-32-18.mp4,completed,2024-11-06T15:17:50.240866Z,River Herring,18,2,day,train
544804,2_2018-05-06_16-06-56.mp4,completed,2024-11-06T15:17:50.240866Z,Perch,29,1,day,train
544809,2_2018-05-06_17-00-56.mp4,completed,2024-11-06T15:17:50.240866Z,River Herring,20,1,day,train
544813,2_2018-05-06_17-32-24.mp4,completed,2024-11-06T15:17:50.240866Z,River Herring,16,1,day,train
544817,2_2018-05-06_18-05-49.mp4,completed,2024-11-08T20:46:08.254680Z,Unknown Fish,8,1,day,train
544822,2_2018-05-06_19-02-50.mp4,completed,2024-11-06T15:17:50.240866Z,Perch,18,1,day,train
544830,2_2018-05-07_06-24-58.mp4,completed,2024-11-06T15:17:50.240866Z,Perch,29,1,day,train
544831,2_2018-05-07_08-34-48.mp4,completed,2024-11-06T15:17:50.240866Z,Perch,24,1,day,train
544835,2_2018-05-07_18-13-57.mp4,completed,2024-11-06T15:17:50.240866Z,Perch,31,1,day,train
544836,2_2018-05-07_18-44-05.mp4,completed,2024-11-06T15:17:50.240866Z,Perch,46,1,day,train
544837,2_2018-05-07_19-34-51.mp4,completed,2024-11-06T15:17:50.240866Z,River Herring,26,1,night,train
544841,2_2018-05-08_23-11-03.mp4,completed,2024-11-06T15:52:02.216158Z,Lamprey,12,1,night,train
544850,2_2018-05-09_18-27-46.mp4,completed,2024-11-14T21:13:16.316903Z,Sunfish,32,1,day,train
544852,2_2018-05-09_18-35-53.mp4,completed,2024-11-06T15:44:08.938711Z,Pickerel,119,1,day,train
544859,2_2018-05-10_07-24-24.mp4,completed,2024-11-06T15:17:50.240866Z,Perch,38,1,day,train
544861,2_2018-05-10_08-40-16.mp4,completed,2024-11-14T21:11:08.630168Z,Perch,31,1,day,train
544870,2_2018-05-10_13-22-03.mp4,completed,2024-11-06T15:17:50.240866Z,River Herring,12,1,day,val
544872,2_2018-05-10_14-59-27.mp4,completed,2024-11-06T15:17:50.240866Z,River Herring,11,1,day,train
544874,2_2018-05-10_17-43-39.mp4,completed,2024-11-06T15:17:50.240866Z,River Herring,11,1,day,train
544876,2_2018-05-11_06-03-44.mp4,completed,2024-11-08T20:44:22.438226Z,Lamprey,49,1,day,test
544877,2_2018-05-11_06-44-05.mp4,completed,2024-11-06T15:17:50.240866Z,River Herring,18,1,day,val
544878,2_2018-05-11_08-25-18.mp4,completed,2024-11-09T01:56:00.862053Z,Perch,208,3,day,train
544879,2_2018-05-11_08-25-38.mp4,annotation,2024-11-06T19:20:40.252362Z,Perch,29,1,day,train
544881,2_2018-05-11_08-48-26.mp4,completed,2024-11-06T15:17:50.240866Z,River Herring,20,1,day,val
544884,2_2018-05-11_10-44-39.mp4,completed,2024-11-06T15:17:50.240866Z,River Herring,13,1,day,train
544885,2_2018-05-11_11-17-02.mp4,completed,2024-11-08T20:54:55.402771Z,Perch,37,1,day,train
544888,2_2018-05-11_19-06-07.mp4,completed,2024-11-13T18:37:38.845097Z,River Herring,22,2,day,train
544890,2_2018-05-11_19-25-46.mp4,completed,2024-11-13T18:34:09.766847Z,Perch,20,3,night,train
544895,2_2018-05-12_14-13-19.mp4,completed,2024-11-08T20:15:54.353871Z,River Herring,15,1,day,train
544896,2_2018-05-12_17-49-34.mp4,completed,2024-11-13T18:33:42.575752Z,River Herring,45,3,day,train
544897,2_2018-05-12_17-56-58.mp4,completed,2024-11-09T01:30:17.380549Z,River Herring,23,2,day,train
544901,2_2018-05-13_05-05-35.mp4,completed,2024-11-06T15:17:50.240866Z,River Herring,15,1,night,train
544905,2_2018-05-13_10-35-48.mp4,completed,2024-11-13T18:26:51.568613Z,River Herring,13,1,day,train
544906,2_2018-05-13_11-44-28.mp4,completed,2024-11-06T15:17:50.240866Z,River Herring,20,1,day,train
544907,2_2018-05-13_14-27-53.mp4,completed,2024-11-06T15:17:50.240866Z,River Herring,17,1,day,val
544908,2_2018-05-16_03-59-07.mp4,completed,2024-11-06T15:17:50.240866Z,River Herring,26,1,night,train
544909,2_2018-05-16_05-35-32.mp4,completed,2024-11-06T15:17:50.240866Z,Bass,33,1,dawn,train
544912,2_2018-05-16_16-30-17.mp4,completed,2024-11-06T15:17:50.240866Z,River Herring,10,1,day,train
544918,2_2018-05-17_11-14-55.mp4,completed,2024-11-09T01:28:50.951094Z,Trout,20,1,day,train
544920,2_2018-05-18_11-12-45.mp4,completed,2024-11-06T15:17:50.240866Z,River Herring,16,1,day,train
544926,2_2018-05-22_05-58-08.mp4,completed,2024-11-09T01:27:25.051165Z,Trout,39,2,day,train
544927,2_2018-05-22_08-29-01.mp4,completed,2024-11-08T21:07:17.377297Z,Trout,21,1,day,train
544928,2_2018-05-22_13-37-26.mp4,completed,2024-11-06T15:17:50.240866Z,Sunfish,34,1,day,train
544929,2_2018-05-23_05-04-17.mp4,completed,2024-11-19T04:13:05.455029Z,Lamprey,48,1,night,train
544930,2_2018-05-23_07-42-44.mp4,completed,2024-11-06T15:17:50.240866Z,Sunfish,74,1,day,train
544932,2_2018-05-23_14-24-17.mp4,completed,2024-11-06T15:17:50.240866Z,Sunfish,35,1,day,train
544933,2_2018-05-24_00-11-38.mp4,completed,2024-11-06T15:17:50.240866Z,River Herring,9,1,night,val
544935,2_2018-05-24_06-04-02.mp4,completed,2024-11-06T15:17:50.240866Z,River Herring,27,1,day,train
544936,2_2018-05-24_14-30-52.mp4,completed,2024-11-06T15:17:50.240866Z,Trout,25,1,day,val
544937,2_2018-05-24_19-05-13.mp4,completed,2024-11-08T20:51:56.787489Z,Trout,78,1,day,train
544938,2_2018-05-25_01-52-36.mp4,completed,2024-11-06T15:17:50.240866Z,River Herring,11,1,night,train
544940,2_2018-05-25_14-42-28.mp4,completed,2024-11-06T15:17:50.240866Z,Trout,86,2,day,train
544941,2_2018-05-25_16-21-28.mp4,completed,2024-11-06T15:22:29.916822Z,Pickerel,34,1,day,train
544947,2_2018-05-26_11-37-54.mp4,completed,2024-11-06T15:17:50.240866Z,Sunfish,78,1,day,train
544949,2_2018-05-26_13-49-46.mp4,completed,2024-11-06T15:17:50.240866Z,Sunfish,94,2,day,val
544951,2_2018-05-26_17-38-02.mp4,completed,2024-11-06T15:17:50.240866Z,Sunfish,37,1,day,train
544953,2_2018-05-26_18-52-52.mp4,completed,2024-11-06T15:17:50.240866Z,Sunfish,52,1,day,train
544980,2_2018-05-27_01-23-44.mp4,completed,2024-11-06T15:17:50.240866Z,River Herring,9,1,night,train
544981,2_2018-05-27_13-07-46.mp4,completed,2024-11-06T15:17:50.240866Z,Sunfish,34,1,day,train
544982,2_2018-05-27_18-28-09.mp4,completed,2024-11-06T15:17:50.240866Z,Sunfish,22,1,day,train
544984,2_2018-05-30_12-23-31.mp4,completed,2024-11-06T15:17:50.240866Z,Sunfish,34,1,day,train
542272,2_2018-04-13_16-34-07.mp4,completed,2024-12-14T07:14:04.918644Z,Perch,33,1,day,train
542277,2_2018-04-14_09-57-26.mp4,completed,2024-12-14T07:09:22.929674Z,River Herring,19,1,day,train
542289,2_2018-04-14_13-18-51.mp4,completed,2024-12-14T07:15:59.089954Z,River Herring,18,1,day,train
542298,2_2018-04-14_17-45-05.mp4,completed,2024-12-14T07:07:54.184690Z,River Herring,17,1,day,train
542303,2_2018-04-18_18-42-03.mp4,completed,2024-12-14T07:06:13.999067Z,Trout,28,1,day,train
542318,2_2018-04-22_14-12-15.mp4,completed,2024-12-14T07:04:21.835522Z,River Herring,11,1,day,train
542364,2_2018-04-27_15-41-54.mp4,completed,2024-12-15T04:47:19.848734Z,River Herring,17,2,day,train
542369,2_2018-04-27_15-53-44.mp4,completed,2024-12-14T07:03:17.541949Z,Bass,12,1,day,train
542372,2_2018-04-27_16-30-59.mp4,completed,2024-11-19T21:35:15.635213Z,"Trout, River Herring",37,3,day,train
542394,2_2018-04-27_17-13-15.mp4,completed,2024-12-14T07:01:50.100649Z,River Herring,22,1,day,test
542485,2_2018-04-29_16-28-35.mp4,completed,2024-12-15T04:51:31.464155Z,River Herring,31,2,day,val
544663,2_2018-05-03_16-03-30.mp4,completed,2024-12-14T07:00:04.353403Z,River Herring,13,1,day,train
544667,2_2018-05-03_16-42-31.mp4,completed,2024-12-14T06:58:31.264218Z,"Eel, Unknown Fish, River Herring",185,3,day,train
544671,2_2018-05-03_17-04-58.mp4,completed,2024-12-14T06:54:56.117831Z,River Herring,58,4,day,train
544673,2_2018-05-03_17-53-38.mp4,completed,2024-12-15T04:55:13.221892Z,River Herring,25,1,day,train
544674,2_2018-05-03_18-11-40.mp4,completed,2024-12-14T06:49:40.931879Z,Lamprey,89,2,day,train
544686,2_2018-05-04_11-30-52.mp4,completed,2024-12-14T06:42:38.392047Z,Trout,24,1,day,train
544688,2_2018-05-04_11-42-03.mp4,completed,2024-12-14T06:40:17.227121Z,River Herring,31,3,day,train
544948,2_2018-05-26_11-54-36.mp4,completed,2024-11-19T21:29:22.251686Z,Sunfish,68,1,day,train
